task,size,cpu_time_ms,cpu_std_ms,gpu_time_ms,gpu_std_ms,speedup,optimal_device,label
ParallelReduction,10000,191.37352633333649,15.100968660821751,0.4713366667298639,0.25362083387765605,406.02299766128306,GPU,1
ParallelReduction,100000,205.81832600009875,16.073677615507968,0.49776666674006265,0.15398746166711172,413.4835451076489,GPU,1
ParallelReduction,1000000,187.91119866667336,7.963790746729517,2.2958133334517092,0.28295217406934475,81.8495109897078,GPU,1
ParallelReduction,10000000,234.8196566667866,2.850409593033942,16.602470666687925,0.20510639483156778,14.143657373714937,GPU,1
ParallelReduction,100000000,1039.3331530000676,61.27256798969149,8.762433666712846,0.03124858949643756,118.6123847017908,GPU,1
