task,size,cpu_time_ms,cpu_std_ms,gpu_time_ms,gpu_std_ms,speedup,optimal_device,label
VectorAddition,10000,189.59779399998902,17.995868652784097,0.2486173334546038,0.04381201218633473,762.6089113155442,GPU,1
VectorAddition,100000,168.20673766672675,0.1469320398651406,0.41257300002447056,0.030071131798834024,407.70175861423326,GPU,1
VectorAddition,1000000,191.8624523333771,14.508903773543162,2.050353999948129,0.24535283086078735,93.57528131153495,GPU,1
VectorAddition,10000000,309.57910666666066,14.213040009143317,10.372641999917201,0.22467596210190557,29.845733292360023,GPU,1
VectorAddition,100000000,1557.8337800000857,103.88872206544022,103.27749500008092,3.8023254228591785,15.083961709168731,GPU,1
