task,size,cpu_time_ms,cpu_std_ms,gpu_time_ms,gpu_std_ms,speedup,optimal_device,label
MatrixMultiplication,64,0.049460333381527256,0.002697044739351841,0.37550300006235676,0.05475347020464502,0.131717545194882,CPU,0
MatrixMultiplication,128,0.2015703333502946,0.009451291721335487,0.40633733336411143,0.027684296773171566,0.4960664866343234,CPU,0
MatrixMultiplication,256,1.1414826667532907,0.024346892000656043,0.6864666668964977,0.13674338489208032,1.6628377192936568,GPU,1
MatrixMultiplication,512,9.23198999998931,2.7066703078568355,2.723605999866171,1.3419279190901046,3.3896202315764246,GPU,1
MatrixMultiplication,1024,28.27641766665086,2.1634318020731764,7.876433333270446,0.592074150071025,3.590002793169069,GPU,1
