task,size,cpu_time_ms,cpu_std_ms,gpu_time_ms,gpu_std_ms,speedup,optimal_device,label
ParallelReduction,10000,210.4543903334767,5.970669163593359,0.19413100032276512,0.04095455503792065,1084.0844068364768,GPU,1
ParallelReduction,100000,193.3805213332865,21.865401266628616,0.534070666617481,0.14778038636585775,362.0878910239644,GPU,1
ParallelReduction,1000000,201.176401666847,10.908882817482835,2.1382136665124563,0.36145411765237767,94.08620140146084,GPU,1
ParallelReduction,10000000,232.4764123333504,1.8611232607691024,16.416343666605826,0.22101426239815813,14.161278361043001,GPU,1
ParallelReduction,100000000,903.6025619998327,69.5045969218492,8.71265433337006,0.02687612074603283,103.71151286686232,GPU,1
