task,size,cpu_time_ms,cpu_std_ms,gpu_time_ms,gpu_std_ms,speedup,optimal_device,label
VectorAddition,10000,183.16153333353213,5.233372568107952,0.24369033341523996,0.0232066690176727,751.6159166700764,GPU,1
VectorAddition,100000,187.85457033345665,10.741466528470882,0.7710613332771269,0.11272930986868951,243.63116424869395,GPU,1
VectorAddition,1000000,185.37986633342976,14.956164791620633,1.364137666617656,0.24651000711084486,135.89527719227513,GPU,1
VectorAddition,10000000,309.23306500001974,24.261736430470467,10.260055666549306,0.18706326585466626,30.139511426649207,GPU,1
VectorAddition,100000000,1473.8561876667216,34.20452292250619,108.62241433324016,0.8171637593229196,13.568619301216346,GPU,1
