task,size,cpu_time_ms,cpu_std_ms,gpu_time_ms,gpu_std_ms,speedup,optimal_device,label
VectorAddition,10000,186.59342466662565,2.9069563098012994,0.2156550002230991,0.010523238668539473,865.2404278759652,GPU,1
VectorAddition,100000,169.86750199991243,5.237760741077935,0.2916073332623152,0.01213229935634563,582.5213656307752,GPU,1
VectorAddition,1000000,199.41198100013935,22.762334299576096,0.9973143331383956,0.03660147464185153,199.94897734260007,GPU,1
VectorAddition,10000000,292.7350310001202,18.16709449799408,10.750762666399774,0.19749853761226627,27.22923387705587,GPU,1
VectorAddition,100000000,1633.4494583332646,269.8199149258122,115.15701333322188,25.77059318770171,14.184541705737582,GPU,1
