task,size,cpu_time_ms,cpu_std_ms,gpu_time_ms,gpu_std_ms,speedup,optimal_device,label
ParallelReduction,10000,198.8044253331888,21.649177722309762,0.10767433332148357,0.00682941037164373,1846.3492570659141,GPU,1
ParallelReduction,100000,209.18354599992503,4.4925485392207625,0.31609333336746204,0.01173245390444368,661.777784970703,GPU,1
ParallelReduction,1000000,199.3098703334605,5.531608420563642,0.8980716665973887,0.019640941233401012,221.93091904191252,GPU,1
ParallelReduction,10000000,245.78509299984339,12.128346356265082,16.852590333352662,0.04325550060321119,14.584410356989126,GPU,1
ParallelReduction,100000000,851.1122049999358,60.55284665168776,8.647855666670997,0.10513704777013921,98.41887258596817,GPU,1
