task,size,cpu_time_ms,cpu_std_ms,gpu_time_ms,gpu_std_ms,speedup,optimal_device,label
ParallelReduction,10000,226.8033860000287,11.704965906261101,0.146895333576443,0.01520295107821515,1543.9795157414055,GPU,1
ParallelReduction,100000,213.97518466665133,29.326411072613183,0.1404299999497501,0.0015773879575115444,1523.7141974166332,GPU,1
ParallelReduction,1000000,180.04199133323104,5.615482773503304,0.8886516667795755,0.011421486951236301,202.6013094486091,GPU,1
ParallelReduction,10000000,237.8246160001254,1.201185999635014,16.33403300002101,0.040805002422473015,14.56006706976896,GPU,1
ParallelReduction,100000000,807.2086606666744,88.6737318114584,8.700087666814701,0.06907201313877179,92.78166974634772,GPU,1
