task,size,cpu_time_ms,cpu_std_ms,gpu_time_ms,gpu_std_ms,speedup,optimal_device,label
MatrixMultiplication,64,0.05293166683865517,0.003267529329086096,0.2952113331957662,0.021570042117271385,0.17930093084723853,CPU,0
MatrixMultiplication,128,0.19873833343808656,0.017407753234973778,0.3897193331188949,0.015017060877296156,0.5099524620644258,CPU,0
MatrixMultiplication,256,7.447405666577349,3.8874052620464195,0.5345660001694341,0.12095154049454238,13.931686011113399,GPU,1
MatrixMultiplication,512,4.970427666648902,0.37748470207834145,0.8883876666914148,0.0550349165645879,5.594885941134302,GPU,1
MatrixMultiplication,1024,20.446449999932764,1.1049958013966956,2.548013999936908,0.07107495683872689,8.024465328855745,GPU,1
