task,size,cpu_time_ms,cpu_std_ms,gpu_time_ms,gpu_std_ms,speedup,optimal_device,label
ParallelReduction,10000,199.2478673334214,18.993614818053793,0.11973766656107425,0.014042516235952408,1664.0366649519733,GPU,1
ParallelReduction,100000,230.89232133346135,52.11225671992095,0.22251700011111097,0.016123198561135248,1037.6390173252753,GPU,1
ParallelReduction,1000000,252.0538966667421,31.166405039345392,0.8872743333085964,0.008643323223868508,284.076623434882,GPU,1
ParallelReduction,10000000,248.81470300003153,3.0501734502526516,16.815190000064224,0.032002306504847464,14.797020015776283,GPU,1
ParallelReduction,100000000,822.3726003332862,59.13806587370439,8.707246333415242,0.030734416314479547,94.44692028262936,GPU,1
