task,size,cpu_time_ms,cpu_std_ms,gpu_time_ms,gpu_std_ms,speedup,optimal_device,label
VectorAddition,10000,190.27804066672616,5.824595758103522,0.20974199984872635,0.01254232811861704,907.2004691666986,GPU,1
VectorAddition,100000,177.58203366656744,7.784911556335588,0.3400090002590635,0.01264477157018628,522.2862733964752,GPU,1
VectorAddition,1000000,187.99168666676755,12.761423257622122,1.0503196664709928,0.07821276616965908,178.98521056775758,GPU,1
VectorAddition,10000000,284.1896636665903,24.757944389145628,9.992816666757184,0.14869927245450623,28.43939533204846,GPU,1
VectorAddition,100000000,1615.5140876667247,263.1023972116535,107.06797933319952,2.290801395926744,15.088676350556547,GPU,1
