task,size,cpu_time_ms,cpu_std_ms,gpu_time_ms,gpu_std_ms,speedup,optimal_device,label
MatrixMultiplication,64,0.051342000006115995,0.002901150537831423,0.35670033351683134,0.026375898458100983,0.1439359461762134,CPU,0
MatrixMultiplication,128,0.2000736665953203,0.014379182551596403,0.28547600019616465,0.0001444805529442411,0.700842335109921,CPU,0
MatrixMultiplication,256,1.2072796666871,0.08262427736698137,0.568149666833051,0.11949353331123165,2.124932455591592,GPU,1
MatrixMultiplication,512,6.914737666496269,1.6722852521212055,0.6563826668752881,0.030713609582610366,10.534613443426075,GPU,1
MatrixMultiplication,1024,21.938381666586793,2.160459847116368,3.306835333357109,0.581000312450362,6.634252829370515,GPU,1
