task,size,cpu_time_ms,cpu_std_ms,gpu_time_ms,gpu_std_ms,speedup,optimal_device,label
MatrixMultiplication,64,0.05108833344517431,0.0027808659244398,0.3004956667306639,0.01461008379366406,0.17001354462447238,CPU,0
MatrixMultiplication,128,0.19807866662328402,0.016613787309828647,0.30326666668164154,0.0060145696116460584,0.6531501427132441,CPU,0
MatrixMultiplication,256,1.1528029999681166,0.07757391913762217,0.5692793333764712,0.09507793368388845,2.0250216938856522,GPU,1
MatrixMultiplication,512,5.722347666657394,0.3538381160366445,0.9483923333088266,0.09038413246682779,6.033734632473053,GPU,1
MatrixMultiplication,1024,22.481873999974294,2.415859127339551,2.6114706665794074,0.008867458481344962,8.608893941520627,GPU,1
