task,size,cpu_time_ms,cpu_std_ms,gpu_time_ms,gpu_std_ms,speedup,optimal_device,label
MatrixMultiplication,64,0.05115266670448667,0.002944854959868641,0.6522843333793086,0.021725210129332793,0.07842081142663437,CPU,0
MatrixMultiplication,128,0.17274399988309597,0.008512573275499534,0.30513766690395033,0.03931433774507325,0.5661182430731223,CPU,0
MatrixMultiplication,256,1.1189306665073673,0.07094815801707571,0.4180703332773798,0.007863324278554669,2.6764172854259507,GPU,1
MatrixMultiplication,512,6.060317999981635,1.6797923005391717,0.6936689998534954,0.04528201141561793,8.736613573997957,GPU,1
MatrixMultiplication,1024,20.9414010000728,1.6594730080931952,1.654986333354221,0.2344708979039304,12.65351899168261,GPU,1
