task,size,cpu_time_ms,cpu_std_ms,gpu_time_ms,gpu_std_ms,speedup,optimal_device,label
VectorAddition,10000,178.19977633325834,7.620272938872614,0.21763200008232766,0.01044853982178228,818.8123817538203,GPU,1
VectorAddition,100000,159.62272766652555,4.071426298308757,0.3562033334674197,0.13219280529077476,448.12249821666956,GPU,1
VectorAddition,1000000,183.71636366661428,8.364271744709885,0.8589586667161105,0.03944664252440697,213.882659067847,GPU,1
VectorAddition,10000000,298.35314399982354,18.137688949586167,10.616615000041444,0.060466263347904364,28.102473716778736,GPU,1
VectorAddition,100000000,2126.0466793332853,703.4307925785283,115.06850499987802,8.539245831659228,18.4763561439817,GPU,1
