task,size,cpu_time_ms,cpu_std_ms,gpu_time_ms,gpu_std_ms,speedup,optimal_device,label
VectorAddition,10000,186.4773316665378,1.4107210187690844,0.2923716666979696,0.028322605616817594,637.809175466977,GPU,1
VectorAddition,100000,182.3318346667596,1.5959219526345316,0.2893013332444146,0.016247531552353,630.2488572104767,GPU,1
VectorAddition,1000000,186.5293569997751,13.12710254898468,0.8250856667473272,0.014592779974115032,226.07271525527244,GPU,1
VectorAddition,10000000,310.80685300003097,26.66802372496854,10.39667799993064,0.10549992778203982,29.89482342360747,GPU,1
VectorAddition,100000000,1585.0376169999738,42.03973070906152,105.18999233333186,6.956847144951391,15.06833094898628,GPU,1
