task,size,cpu_time_ms,cpu_std_ms,gpu_time_ms,gpu_std_ms,speedup,optimal_device,label
ParallelReduction,10000,182.04246433333537,15.966170322074703,0.14079666667991356,0.020044931798396195,1292.9458390317563,GPU,1
ParallelReduction,100000,197.13253999983257,13.052372533023695,0.17195433338201838,0.016820625282460772,1146.4237982411157,GPU,1
ParallelReduction,1000000,174.74184166667328,0.05172514694150419,1.3215660001151264,0.013352997696053477,132.22331813276892,GPU,1
ParallelReduction,10000000,283.0727939999633,8.785823170625724,16.893347333279962,0.09917910203029263,16.75646563202479,GPU,1
ParallelReduction,100000000,781.8009393334554,37.16973094702504,8.735324666607388,0.06435554926150419,89.49878443809348,GPU,1
