task,size,cpu_time_ms,cpu_std_ms,gpu_time_ms,gpu_std_ms,speedup,optimal_device,label
MatrixMultiplication,64,0.049668333303998224,0.002673584984056306,0.4346510001293306,0.09956373746349757,0.11427175662593526,CPU,0
MatrixMultiplication,128,0.17631500001395276,0.008321470031118909,0.3197826664897245,0.0037833081769961772,0.5513588398939011,CPU,0
MatrixMultiplication,256,1.2006273333706001,0.10231133816505769,0.6321173333769062,0.07491978533127124,1.8993741667493782,GPU,1
MatrixMultiplication,512,5.017532666746168,0.45431345605672274,0.7970160001301944,0.06068935511026617,6.295397665701244,GPU,1
MatrixMultiplication,1024,19.98445033329214,1.2583417337176523,2.7323049998813076,0.055241237321526686,7.314135989269234,GPU,1
